id,return_number,order_id,user_id,status,reason,reason_details,refund_amount,refund_method,refund_status,refund_date,shipping_label_url,tracking_number,shipped_date,received_date,admin_notes,created_at,updated_at
1,RET-7A5A4CDD,14,5,rejected,other,sadas dasdasdas,89.99,original,pending,\N,\N,\N,\N,\N,Rejected by seller techstore: dscs,2025-11-05T15:44:42,2025-11-05T18:38:21
2,RET-C134B52C,14,5,rejected,other,cbv gdfgdfgdf gdfgdfgdff,89.99,original,pending,\N,\N,\N,\N,\N,Rejected by seller techstore: sdasdas,2025-11-05T17:25:21,2025-11-05T18:38:24
3,RET-F0A99F08,14,5,completed,other,f gdfgdfsdfs dfsdf sdfsdfsd,89.99,original,completed,2025-11-06T02:38:33.654817,\N,\N,\N,\N,Updated to completed by seller techstore,2025-11-05T17:31:09,2025-11-05T18:38:33
4,RET-3CEFBDEE,15,5,initiated,other,testing one asdlaksd a,67.77,original,pending,\N,\N,\N,\N,\N,\N,2025-11-05T17:47:26,\N
5,RET-6BBFFB18,16,5,rejected,other,jhgjh jghg kfjgj fhg f,10.0,original,pending,\N,\N,\N,\N,\N,Rejected by seller techstore: dsadas,2025-11-05T18:24:27,2025-11-05T18:38:37
6,RET-F17500CE,12,5,refunded,other,images check ,89.99,original,completed,2025-11-06T02:38:43.478387,\N,\N,\N,\N,Updated to refunded by seller techstore,2025-11-05T18:35:16,2025-11-05T18:38:43
7,RET-4F6B0897,17,5,completed,other,test 1111111111111111111111,10.0,original,completed,2025-11-06T02:38:50.514512,\N,\N,\N,\N,Updated to completed by seller techstore,2025-11-05T18:36:58,2025-11-05T18:38:50
8,RET-24659ECE,18,5,initiated,other,sCxxxxxxxxxxxxxxxxxxxzxc zx test,10.0,original,pending,\N,\N,\N,\N,\N,\N,2025-11-05T18:40:54,\N
9,RET-FE23D541,19,5,refunded,other,return the images,10.0,original,completed,2025-11-06T11:09:49.784084,\N,\N,\N,\N,Updated to refunded by seller techstore,2025-11-06T03:08:45,2025-11-06T03:09:49
